name,link
Non-Metallic Wire,https://www.lowes.com//pl/Non-metallic-wire-Electrical-wire-cable-Electrical/4294546226?int_cmp=brand%3AA%3AElectrical%3AMerch%3ANon_Metallic_Wire
THHN Wire,https://www.lowes.com//pl/TFFN-thhn-wire-Electrical-wire-cable-Electrical/4294546249?int_cmp=brand%3AA%3AElectrical%3AMerch%3ATHHN_Wire
Armored Cable,https://www.lowes.com//pl/Armored-cable-Electrical-wire-cable-Electrical/4294722485?int_cmp=brand%3AA%3AElectrical%3AMerch%3AArmored_Cable
UF Wire,https://www.lowes.com//pl/UF-wire-Electrical-wire-cable-Electrical/4294546243?int_cmp=brand%3AA%3AElectrical%3AMerch%3AUF_Wire
Data Cable,https://www.lowes.com//pl/Data-cable-Network-data-cables-Electrical-wire-cable-Electrical/3610652393626?int_cmp=brand%3AA%3AElectrical%3AMerch%3AData_Cable
Landscape Lighting Cable,https://www.lowes.com//pl/Landscape-lighting-cable-Landscape-lighting-cables-connectors-Electrical-wire-cable-Electrical/4294418631?int_cmp=brand%3AA%3AElectrical%3AMerch%3ALandscape_Lighting_Cable
Extension Cords,https://www.lowes.com//pl/Southwire--Extension-cords-surge-protectors-Electrical/4294542242?refinement=4294961321&int_cmp=brand%3AA%3AElectrical%3AMerch%3AExtension_Cords
Thermostat Wire,https://www.lowes.com//pl/Thermostat-wire-Electrical-wire-cable-Electrical/4294546246?int_cmp=brand%3AA%3AElectrical%3AMerch%3AThermostat_Wire
Ground Wire,https://www.lowes.com//pl/Ground-wire-Electrical-wire-cable-Electrical/4294546237?int_cmp=brand%3AA%3AElectrical%3AMerch%3AGround_Wire
Service Entrance Cable,https://www.lowes.com//pl/Service-entrance-cables-Electrical-wire-cable-Electrical/4294546264?int_cmp=brand%3AA%3AElectrical%3AMerch%3AService_Entrance_Cable
Speaker Wire,https://www.lowes.com//pl/Southwire--Speaker-wire-Electrical-wire-cable-Electrical/4294546261?refinement=4294961321&int_cmp=brand%3AA%3AElectrical%3AMerch%3ASpeaker_Wire
Doorbell Wire,https://www.lowes.com//pl/Doorbell-wire-Electrical-wire-cable-Electrical/4294546234?int_cmp=brand%3AA%3AElectrical%3AMerch%3ADoorbell_Wire
Coaxial Wire,https://www.lowes.com//pl/Southwire--Coaxial-wire-Network-data-cables-Electrical-wire-cable-Electrical/2577642328?&refinement=4294961321&int_cmp=brand%3AA%3AElectrical%3AMerch%3ACoaxial_Wire
TFFN Wire,https://www.lowes.com//pl/TFFN-thhn-wire-Electrical-wire-cable-Electrical/4294546249?int_cmp=brand%3AA%3AElectrical%3AMerch%3ATFFN_Wire
Sprinkler Wire,https://www.lowes.com//pl/Sprinkler-wire-Electrical-wire-cable-Electrical/4294546254?int_cmp=brand%3AA%3AElectrical%3AMerch%3ASprinkler_Wire
XHHW Wire,https://www.lowes.com//pl/XHHW-wire-Electrical-wire-cable-Electrical/4294546240?int_cmp=brand%3AA%3AElectrical%3AMerch%3AXHHW_Wire
Lamp Cord,https://www.lowes.com//pl/Lamp-cords-Electrical-wire-cable-Electrical/4294565991?int_cmp=brand%3AA%3AElectrical%3AMerch%3ALamp_Cord
Security Cable,https://www.lowes.com//pl/Security-cables-Electrical-wire-cable-Electrical/4294546266?int_cmp=brand%3AA%3AElectrical%3AMerch%3ASecurity_Cable
Hand Tools,https://www.lowes.com//pl/Southwire--Hand-tools-Tools/4294857647?goToProdList=true&refinement=4294961321&int_cmp=brand%3AA%3AElectrical%3AMerch%3AHand_Tools
Electrical Testers & Tools,https://www.lowes.com//pl/Southwire--Electrical-testers-tools-Electrical/4294722457?goToProdList=true&refinement=4294961321&int_cmp=brand%3AA%3AElectrical%3AMerch%3AElectrical_Testers_And_Tools
Fishing & Bending,https://www.lowes.com//pl/Fish-tape-poles-Cable-pulling-Electrical-testers-tools-Electrical/4294722452?int_cmp=brand%3AA%3AElectrical%3AMerch%3AFishing_And_Bending
Work Lights,https://www.lowes.com//pl/Southwire--Work-lights-Commercial-lighting-Lighting-ceiling-fans/4294565964?refinement=4294961321&int_cmp=brand%3AA%3AElectrical%3AMerch%3AWork_Lights
