Title,Price
Mitsubishi Lancer Ex 2008,"Rs 6,100,000"
Mitsubishi Lancer EX Engine Cover MVEC,"Rs 8,500"
Mitsubishi Lancer EX Engine Cover MVEC,"Rs 8,500"
Mitsubishi Lancer EX Lowering Coil Springs,"Rs 35,000"
Mitsubishi Lancer Ex 2013,"Rs 6,850,000"
Mitsubishi Lancer Evolution X 2009,"Rs 21,000,000"
Mitsubishi Lancer EX CY2 Grille Shell,"Rs 28,000"
Mitsubishi Lancer EX CY2 Rear Bumper,"Rs 33,000"
Lancer EX Fog Light Covers,"Rs 16,000"
Lancer Ex Shell / Front Grill,"Rs 25,000"
Mitsubishi Lancer Ex Cy2 Black Taillight,"Rs 22,000"
Mitsubishi Lancer EX GLS 2008,"Rs 5,995,000"
Mitsubishi Lancer Ex Yd Car Audio Player,"Rs 25,500"
2008 Lancer Ex Front Bumper,"Rs 48,000"
